{"cameraMode":{"drawMode":0,"name":"Shaded","section":"Shading Mode"},"sceneLighting":true,"audioPlay":false,"sceneViewState":{"m_AlwaysRefresh":false,"showFog":true,"showSkybox":true,"showFlares":true,"showImageEffects":true,"showParticleSystems":true,"showVisualEffectGraphs":true,"m_FxEnabled":false},"in2DMode":false,"pivot":{"x":-67.60101318359375,"y":7.123364448547363,"z":-26.06797218322754},"rotation":{"x":-0.0008564831805415452,"y":0.9939855337142944,"z":-0.007762508001178503,"w":-0.10927781462669373},"size":6.841054916381836,"orthographic":false}